start,end,sequence,length
1,12,AGTTGTTAGTCT,12
15,26,GTGGACCGACAA,12
81,97,TAGAGAGCAGATCTCTG,17
137,154,TCAATATGCTGAAACGCG,18
190,201,AAGAGATTCTCA,12
280,290,CCAACAGCAGG,11
8939,8949,AACATGATGGG,11
9005,9016,TGGTACATGTGG,12
10413,10423,GAAGTCAGGCC,11
10457,10468,GCCTGTAGCTCC,12
10515,10527,GGAAGCTGTACGC,13
10546,10565,GGTTAGAGGAGACCCCTCCC,20
10627,10654,AAGGACTAGAGGTTAGAGGAGACCCCCC,28
10665,10686,AAACAGCATATTGACGCTGGGA,22
10688,10709,AGACCAGAGATCCTGCTGTCTC,22
10721,10732,TCCAGGCACAGA,12
10763,10773,CAACAGGTTCT,11
